Identifiant;Capacité;Consommation
15;85799285;79045317
12;122352561;85577082
14;122456466;105726119
4;130918331;109863853
5;131833110;106882485
9;132508986;186124642
11;148178856;118776464
8;152279330;194916206
6;161908098;312948851
13;182709668;121247424
10;200301465;88514679
7;219778584;117685819
1;241999040;96811846
3;291629372;87081349
2;382635838;87678035
16;3292711010;110945777
